First name;Last name;Username;Email;Password
Froooodo;Baggins;froooodofromshire;frodo@shire.com;testsecret123
Sam;Gamgi;samfromshire;sam@shire.com;testsecret234
Merry;Brandubyck;merryfromshire;merry@shire.com;testsecret345
Pippin;Took;pippinfromshire;pippin@shire.com;testsecret456
Aragorn;Son of Arathron;aragornfrommidearth;aragorn@middle-earth.com;testsecret567
Gimli;Son of Gloin;gimlifrommoria;gimli@moria.com;testsecret678
